SpeciesAuthor,lon_dd,lat_dd,damping_ratio
Actaea_elata,-75.55,41.7166666667,2.0774882404
Actaea_elata,-122.0166666667,49.05,3.3276866472
Actaea_spicata,17.6166666667,58.95,1.525870164
Actaea_spicata,17.55,58.9833333333,1.5240304621
Agrimonia_eupatoria,17.1333333333,58.9333333333,1.8790804508
Agrimonia_eupatoria,17.1333333333,58.9333333333,1.654455744
Agropyron_cristatum,-107.8833333333,49.3666666667,2.5983732884
Agropyron_cristatum,-107.8833333333,49.3666666667,1.7059976952
Alliaria_petiolata,-82.1194444444,39.3202777778,1.0225441472
Alliaria_petiolata,-82.1194444444,39.3202777778,1.0252145963
Alliaria_petiolata,-82.1194444444,39.3202777778,1.0290581901
Allium_tricoccum,-75.9166666667,45.5166666667,1.7922213565
Anemone_patens,-114.2344388889,50.8757805556,2.5489464992
Anthyllis_vulneraria,3.5666666667,44.3,2.1833901495
Aquilegia_chrysantha,-106.5559888889,32.326125,2.7812469285
Arabis_fecunda,-114.0186111111,46.2594444444,2.3543502605
Arabis_fecunda,-112.8127777778,45.3980555556,5.2649465072
Arabis_fecunda,-112.8719444444,45.685,4.0966510382
Arisaema_serratum,137.8666666667,36.2333333333,1.300945558
Aristida_bipartita,31.4,-24.6333333333,2.6738999676
Armeria_maritima,5.9333333333,50.7333333333,1.4338368342
Artemisia_genipi,11.0333333333,46.8166666667,1.7355543907
Artemisia_genipi,11.0333333333,46.8166666667,1.4516911216
Aster_amellus,14.1316111111,50.5606944444,7.9579902537
Aster_amellus,14.2299444444,50.528,5.6823626601
Aster_amellus,14.2591666667,50.8628611111,4.0899347817
Aster_amellus,14.31625,50.5006666667,7.4383116883
Aster_amellus,14.3112777778,50.4934444444,6.2120432321
Aster_amellus,14.3066111111,50.4655555556,11.6184629914
Aster_amellus,14.3024166667,50.4961944444,5.4899774569
Aster_amellus,14.2987222222,50.5041944444,4.0002018082
Aster_amellus,14.2974166667,50.5039444444,4.6850700664
Astragalus_michauxii,-79,35.1333333333,2.2747491955
Astragalus_scaphoides,-113.7,45,3.7287286528
Astragalus_scaphoides,-113.0166666667,45.0666666667,2.4314686182
Astragalus_tyghensis,-121.3166666667,45.1666666667,2.2381010855
Astragalus_tyghensis,-121.3166666667,45.1666666667,2.6173520178
Astragalus_tyghensis,-121.3166666667,45.15,2.6959499779
Astragalus_tyghensis,-121.1833333333,45.2333333333,2.6783859576
Astragalus_tyghensis,-121.1,45.25,4.0850106973
Borderea_chouardii,0.9056611111,41.5976277778,1.2096156865
Bouteloua_rigidiseta,-98.4166666667,30.0833333333,4.0812238693
Brassica_insularis,9.4333333333,42.7833333333,3.9625146427
Brassica_insularis,9.2666666667,42.1,5.4296827886
Brassica_insularis,9.35,41.7166666667,6.2160635713
Brassica_insularis,9.1333333333,42.3166666667,4.8273264322
Calathea_micans,-84,10.4333333333,3.5869862796
Calathea_ovandensis,-95.2,18.45,1.3608129205
Calathea_ovandensis,-95.2,18.45,1.9634627047
Calathea_ovandensis,-95.2,18.45,1.8271186441
Calathea_ovandensis,-95.2,18.45,1.9507388101
Calochortus_albus,-121.5541666667,36.3791666667,1.9727105243
Calochortus_lyallii,-119.6166666667,49.0333333333,1.5074920772
Calochortus_lyallii,-119.6166666667,49.0333333333,1.5608173191
Calochortus_lyallii,-119.6166666667,49.0333333333,1.5863761072
Calochortus_lyallii,-119.6166666667,49.0333333333,1.4605137964
Calochortus_lyallii,-119.6166666667,49.0333333333,1.5399832058
Calochortus_lyallii,-119.6166666667,49.0333333333,1.5890335566
Calochortus_lyallii,-119.6166666667,49.0333333333,1.5487408292
Calochortus_lyallii,-119.6166666667,49.0333333333,1.5863839708
Calochortus_lyallii,-119.6166666667,49.0333333333,1.619204811
Calochortus_lyallii,-119.6166666667,49.0333333333,1.4850112913
Calochortus_lyallii,-119.6166666667,49.0333333333,1.5827357837
Calochortus_obispoensis,-120.6583333333,35.3083333333,2.7750061073
Calochortus_pulchellus,-121.8736111111,37.8902777778,1.7979198581
Calochortus_tiburonensis,-122.4833333333,37.9125,1.579634108
Carduus_nutans_2,175.7166666667,-40.25,3.7662278016
Carduus_nutans_3,149.4,-36.3666666667,2.2594451389
Centaurea_horrida,8.1333333333,40.6,1.3220269664
Centaurea_horrida,8.2,41,1.3458840851
Centaurea_horrida,8.1833333333,40.9333333333,1.2643441086
Cimicifuga_rubifolia,-84.0166666667,36.1166666667,1.619467274
Cimicifuga_rubifolia,-84.7833333333,35.6333333333,2.9800694825
Cirsium_acaule,13.9180555556,50.5552777778,3.2119607843
Cirsium_acaule_2,13.9180555556,50.5552777778,4.3969714716
Cirsium_dissectum,6.55,52.0333333333,3.4808353071
Cirsium_dissectum,5.6,52,3.8399466044
Cirsium_dissectum,6.4333333333,52.0333333333,3.5106737825
Cirsium_dissectum,6.1333333333,52.6,3.516563147
Cirsium_palustre,17.6,58.95,1.1477513019
Cirsium_palustre,17.5833333333,58.95,1.018245595
Cirsium_pannonicum,13.9180555556,50.5552777778,2.6207968902
Cirsium_pitcheri_2,-87.8,42.4166666667,1.6303550384
Cirsium_pitcheri_3,-87.2,41.6166666667,1.5961795989
Cirsium_vulgare,-1.1805555556,51.6280555556,2.478188006
Cirsium_vulgare,-1.1805555556,51.6280555556,2.6318432287
Cirsium_vulgare,-1.1805555556,51.6280555556,1.8613063296
Cirsium_vulgare,-1.1805555556,51.6280555556,1.8880300399
Cirsium_vulgare,-1.1805555556,51.6280555556,1.8448678169
Cirsium_vulgare,-1.1805555556,51.6280555556,2.7930107527
Cirsium_vulgare,-1.1805555556,51.6280555556,1.8099439628
Cirsium_vulgare,-1.1805555556,51.6280555556,2.6253962081
Cryptantha_flava,-109.375,40.5,2.1221330548
Cryptantha_flava,-109.375,40.5,2.4513067637
Cynoglossum_officinale,0.815,52.9594444444,1.2098131298
Cynoglossum_virginianum,-76.5416666667,38.8583333333,2.2606933814
Cynoglossum_virginianum,-76.5416666667,38.8583333333,2.0348998315
Cynoglossum_virginianum,-76.5416666667,38.8583333333,2.3967983023
Cynoglossum_virginianum,-76.5416666667,38.8583333333,2.3696310176
Cypripedium_calceolus,22.65,53.2666666667,1.0289820632
Cypripedium_calceolus,22.65,53.2666666667,1.0506698096
Cypripedium_calceolus,22.65,53.2666666667,1.0136924296
Cypripedium_fasciculatum,-123.5166666667,42.3333333333,2.0003392672
Cypripedium_fasciculatum,-123.1666666667,42.25,2.0715051989
Cypripedium_fasciculatum,-122.45,42.3333333333,1.7846159303
Dactylorhiza_lapponica,11.8333333333,62.6666666667,2.4080293085
Dactylorhiza_lapponica,9.0833333333,63.05,2.5999380451
Danthonia_sericea,-78.9333333333,36,1.5979504035
Danthonia_sericea,-78.9333333333,36,1.0666533333
Daucus_carota,5.8425,50.8294444444,1.3544313914
Dicerandra_frutescens,-81.3575,27.1561111111,2.2233742472
Dicerandra_frutescens,-81.3566666667,27.1577777778,2.6812002615
Dicerandra_frutescens,-81.3566666667,27.1577777778,1.8059384942
Dicerandra_frutescens,-81.3566666667,27.1577777778,1.9036705583
Dicerandra_frutescens,-81.3561111111,27.1594444444,1.8828019366
Dicerandra_frutescens,-81.3566666667,27.1577777778,2.7079725535
Dicerandra_frutescens,-81.3566666667,27.1577777778,2.2780690168
Digitalis_purpurea,6.05,51.4166666667,1.0961903525
Disporum_sessile,138.2527777778,36.2113888889,2.5716206307
Echinacea_angustifolia_2,-99.5,39.5666666667,1.548893625
Echinacea_angustifolia_2,-99,39.0833333333,1.2454419571
Echinacea_angustifolia_2,-99.5,39.5666666667,1.4857857405
Echinacea_angustifolia_2,-99.5,39.5666666667,1.548893625
Echinacea_angustifolia_2,-99,39.0833333333,1.2454419571
Eryngium_alpinum,6.55,45.4166666667,1.4857857405
Eryngium_alpinum,6.55,45.4166666667,1.5598059394
Eryngium_alpinum,6.55,45.4166666667,1.2391341694
Eryngium_alpinum,6.7166666667,45.3666666667,1.5340019102
Eryngium_alpinum,6.7166666667,45.3666666667,1.4366415278
Eryngium_alpinum,6.7166666667,45.3666666667,1.3829931408
Eryngium_alpinum,6.55,45.4166666667,1.2860282275
Eryngium_cuneifolium,-81.35,27.1333333333,1.8981370124
Erythronium_japonicum,138.2527777778,36.2113888889,2.6542359442
Eupatorium_perfoliatum,-74.4666666667,40.7166666667,5.4253249059
Eupatorium_perfoliatum,-74.45,40.0666666667,3.4019454523
Eupatorium_perfoliatum,-75,39.3666666667,17.9956719818
Eupatorium_resinosum,-74.5,39.8833333333,1.49254
Eupatorium_resinosum,-74.2166666667,39.8833333333,1.2123073538
Eupatorium_resinosum,-74.65,39.6833333333,4.5510639224
Gentiana_pneumonanthe,6.3925,52.8105555556,2.7716656352
Gentiana_pneumonanthe,6.3447222222,52.1566666667,1.5996864717
Geum_reptans,9.8805555556,46.605,1.8887900356
Geum_reptans,8.4119444444,46.5566666667,2.4369023692
Geum_rivale,17.1333333333,58.9333333333,1.4576477118
Geum_rivale,17.1333333333,58.9333333333,1.8473046694
Haplopappus_radiatus,-117.3,44.4,3.4443812328
Haplopappus_radiatus,-117.3,44.4,3.8591641271
Haplopappus_radiatus,-117.3,44.4,3.9129964874
Haplopappus_radiatus,-117.3,44.4,2.7645055708
Haplopappus_radiatus,-117.3,44.4,3.2614351658
Haplopappus_radiatus,-117.3,44.4,3.1558913902
Haplopappus_radiatus,-117.3,44.4,2.3661996307
Haplopappus_radiatus,-117.3,44.4,3.1130290618
Haplopappus_radiatus,-117.3,44.4,4.1872317332
Haplopappus_radiatus,-117.3,44.4,2.8963694161
Heliconia_acuminata,-60,-2.5,1.6477359572
Heliconia_acuminata,-60,-2.5,1.8887621324
Heliconia_acuminata,-60,-2.5,1.6659412405
Heliconia_acuminata,-60,-2.5,1.9848815011
Heliconia_acuminata,-60,-2.5,1.3919627666
Heliconia_acuminata,-60,-2.5,1.4219068109
Heliconia_acuminata,-60,-2.5,2.0950848821
Heliconia_acuminata,-60,-2.5,1.6505788994
Heliconia_acuminata,-60,-2.5,1.3694052728
Heliconia_acuminata,-60,-2.5,1.6292964775
Heliconia_acuminata,-60,-2.5,1.5227175703
Heliconia_acuminata,-60,-2.5,1.5033031118
Heliconia_acuminata,-60,-2.5,1.6027141076
Himantoglossum_hircinum,11.5930555556,50.9461111111,2.145826224
Horkelia_congesta,-123.2958333333,44.1416666667,2.6219218905
Hyparrhenia_diplandra,-5.0333333333,6.2166666667,2.2486531987
Hypericum_cumulicola,-81.35,27.1666666667,2.5065511452
Hypericum_cumulicola,-81.35,27.1666666667,2.4463548959
Hypericum_cumulicola,-81.35,27.1666666667,1.3623625833
Hypericum_cumulicola,-81.35,27.1666666667,2.1081779166
Ipomopsis_tenuituba,-107.0666666667,38.95,1.0532911954
Lepanthes_eltoroensis,-65.7833333333,18.3,1.04289757
Lepanthes_eltoroensis,-65.7833333333,18.3,1.0303296152
Lepanthes_rubripetala,-65.8166666667,18.35,1.1750688585
Lepanthes_rubripetala,-65.8166666667,18.35,1.1582975777
Lepanthes_rubripetala,-65.8166666667,18.35,1.1730816679
Lepanthes_rupestris,-65.8166666667,18.35,1.2849896973
Lepanthes_rupestris,-65.8166666667,18.35,1.3081468195
Lepanthes_rupestris,-65.8166666667,18.35,1.2833385101
Lepanthes_rupestris,-65.8166666667,18.3166666667,1.2973565679
Lepanthes_rupestris,-65.8166666667,18.3166666667,1.2470086023
Lepanthes_rupestris,-65.8166666667,18.3166666667,1.2842782416
Lepanthes_rupestris,-65.8166666667,18.3166666667,1.2882869997
Lepidium_davisii,-115.8666666667,43.05,2.7524428095
Lepidium_davisii,-115.8666666667,43.05,3.4787217988
Lepidium_davisii,-115.8666666667,43.05,18.175407582
Lepidium_davisii,-115.8666666667,43.05,5.3026515594
Lepidium_davisii,-115.8666666667,43.05,3.7107749672
Lepidium_davisii,-115.8666666667,43.05,5.9167148223
Lepidium_davisii,-115.8666666667,43.05,4.2175007596
Lepidium_davisii,-115.8666666667,43.05,19.6377161238
Lepidium_davisii,-115.8666666667,43.05,48.0588235294
Lepidium_davisii,-115.8666666667,43.05,3.5700260832
Liatris_scariosa,-87.9,41.5166666667,1.8023877238
Liatris_scariosa,-87.9,41.5166666667,3.1898489838
Liatris_scariosa,-87.9,41.5166666667,1.9934372436
Limonium_carolinianum,-64.35,45.0833333333,1.549817768
Linum_catharticum,5.9133611111,50.8503333333,4.0933516264
Lobularia_maritima,2.1333333333,41.4166666667,2.2857671462
Lobularia_maritima,2.1333333333,41.4166666667,1.8637954165
Lobularia_maritima,2.1333333333,41.4166666667,1.0076006574
Lobularia_maritima,2.1333333333,41.4166666667,1.0061152615
Lobularia_maritima,2.1333333333,41.4166666667,1.0140064973
Lobularia_maritima,2.1333333333,41.4166666667,3.792
Lomatium_bradshawii,-123.3,44.15,2.3239894726
Lomatium_bradshawii_2,-123.25,44.0833333333,2.9946508831
Lomatium_bradshawii_2,-123.25,44.05,2.4752586115
Lomatium_cookii,-123.6333333333,42.1,1.7674980789
Lomatium_cookii,-123.6333333333,42.1,1.592743811
Lupinus_tidestromii,-122.9566666667,38.1086111111,1.5586286548
Lupinus_tidestromii,-122.9683333333,38.0852777778,1.7125007004
Lupinus_tidestromii,-122.9766666667,38.0686111111,2.194136183
Lupinus_tidestromii,-122.9566666667,38.1086111111,1.0885146967
Lupinus_tidestromii,-122.9683333333,38.0852777778,1.5744707622
Lupinus_tidestromii,-122.9766666667,38.0686111111,1.5044129193
Minuartia_obtusiloba,-105.6,40.05,1.0103154236
Nardostachys_grandiflora,82.8083333333,29.1583333333,2.1351654273
Nardostachys_grandiflora,82.8083333333,29.1583333333,2.1583807883
Neotinea_ustulata,23.1811111111,58.5561111111,6.5082980801
Neotinea_ustulata,25.7227777778,59.2552777778,32.3939099449
Neotinea_ustulata,23.2072222222,58.6283333333,3.2959789057
Neotinea_ustulata,23.3202777778,58.6463888889,5.0751116525
Neotinea_ustulata,23.5680555556,58.6147222222,8.3333333333
Oenothera_deltoides,-121.7916666667,38.0130555556,1.7542944293
Ophrys_sphegodes,0.8224,50.9288361111,13.492872807
Orchis_purpurea,5.75,50.75,14.3294045926
Orchis_purpurea,5.75,50.75,1.7226264574
Orchis_purpurea,5.75,50.75,1.8157628527
Orchis_purpurea,5.75,50.75,1.4264864075
Orchis_purpurea,5.75,50.75,1.4941184602
Orchis_purpurea,5.75,50.75,1.8217669287
Oxalis_acetosella,17.6888888889,59.8333333333,3.5221465384
Oxalis_acetosella,17.6897222222,59.8333333333,5.269034035
Oxalis_acetosella,17.75,59.9083333333,3.2015527385
Paronychia_pulvinata,-105.6169444444,40.0594444444,1.0117054318
Pinguicula_villosa,18.8166666667,68.35,2.1160140083
Pinguicula_vulgaris,18.8166666667,68.35,1.5501541008
Poa_alpina,11.0333333333,46.8166666667,1.8132858007
Poa_alpina,11.0333333333,46.8166666667,1.7181798357
Poa_alpina,11.0333333333,46.8166666667,1.4777433873
Potentilla_anserina,18.0649111111,59.3286805556,4.3318014706
Primula_elatior,4.8833333333,50.85,1.3668518241
Primula_elatior,4.8833333333,50.85,1.1142682138
Primula_elatior,4.8833333333,50.85,1.3591024733
Primula_elatior,4.8833333333,50.85,1.4533857265
Primula_elatior,4.8833333333,50.85,1.409039124
Primula_elatior,4.8833333333,50.85,1.6935437762
Primula_veris,17.5833333333,58.95,1.5196910237
Primula_veris,17.5833333333,58.95,1.4233071069
Primula_veris,17.5833333333,58.95,1.4402932887
Primula_veris_3,5.85,50.7166666667,2.3314253005
Primula_veris_3,5.85,50.7166666667,2.1272576636
Primula_veris_4,5.8166666667,50.75,1.2884369748
Primula_vulgaris,0.6939777778,51.7778083333,1.9208556666
Primula_vulgaris,0.6939777778,51.7778083333,2.285668734
Primula_vulgaris,0.65,51.9666666667,2.036574449
Primula_vulgaris,0.8117472222,52.1494972222,2.369665431
Primula_vulgaris,0.6939777778,51.7778083333,2.0523456382
Primula_vulgaris,0.6939777778,51.7778083333,2.7730418658
Pyrrocoma_radiata,-117.3213444444,44.4111638889,4.3347062353
Pyrrocoma_radiata,-117.313,44.412,8.5303753089
Pyrrocoma_radiata,-117.327,44.479,4.3699783144
Pyrrocoma_radiata,-117.333,44.476,3.5540178863
Ramonda_myconi,1.85,42.35,1.4603505726
Ramonda_myconi,1.7833333333,42.3166666667,1.3639862715
Ramonda_myconi,1.7833333333,42.3166666667,1.3219441383
Ranunculus_acris,-4.0236111111,53.2372222222,1.6122046953
Ranunculus_acris,-4.0236111111,53.2372222222,3.1067988669
Ranunculus_peltatus,16,59.1333333333,1.3091931747
Rubus_discolor,-123.3333333333,44.6666666667,1.992691105
Rubus_discolor,-123.3333333333,44.6666666667,1.117300826
Rubus_ursinus,-123.3333333333,44.6666666667,1.1729190829
Rubus_ursinus,-123.3333333333,44.6666666667,1.0835556063
Saponaria_bellidifolia,23.415,46.4816666667,1.2475634499
Saponaria_bellidifolia,23.4036111111,46.4647222222,1.7387003987
Saponaria_bellidifolia,23.5055555556,46.4519444444,2.0153205501
Saponaria_bellidifolia,23.5280555556,46.4466666667,1.834089668
Sarcocapnos_baetica,-3,37.8666666667,1.4064577398
Sarcocapnos_pulcherrima,-3.7833333333,37.35,1.9674982504
Sarracenia_purpurea,-71.3824361111,42.4072111111,1.1845527976
Sarracenia_purpurea,-72.9441722222,44.1166055556,1.5223302147
Saussurea_medusa,98.6847222222,28.4388888889,1.7160468845
Saxifraga_aizoides,11.0333333333,46.8166666667,1.2321968738
Saxifraga_aizoides,11.0333333333,46.8166666667,1.1896160793
Saxifraga_cotyledon,14.8833333333,66.0666666667,1.6417741606
Saxifraga_cotyledon,14.8833333333,66.0666666667,1.3596853614
Scabiosa_columbaria,5.2912666667,52.132875,2.1432794188
Setaria_incrassata,31.4,-24.6333333333,2.1009416561
Setaria_incrassata,31.4,-24.6333333333,1.7328008288
Setaria_incrassata,31.4,-24.6333333333,2.2845902039
Setaria_incrassata_2,31.4,-24.6333333333,1.4035863682
Setaria_incrassata_2,31.4,-24.6333333333,1.4387968867
Setaria_incrassata_2,31.4,-24.6333333333,1.3496200099
Silene_spaldingii,-115.05,48.9666666667,9.2953151391
Sporobolus_heterolepis,-96.5833333333,39.0833333333,2.0952440127
Sporobolus_heterolepis,-96.5833333333,39.0833333333,2.4826842299
Succisa_pratensis_3,17.4,58.8333333333,1.704789178
Succisa_pratensis_3,17.4,58.8333333333,2.4096960715
Succisa_pratensis_3,17.4,58.8333333333,2.4812029183
Succisa_pratensis_3,17.4,58.8333333333,2.126654878
Succisa_pratensis_3,17.4,58.8333333333,1.8650208064
Succisa_pratensis_3,17.4,58.8333333333,3.8768625481
Themeda_triandra,31.4,-24.6333333333,1.7902661307
Tragopogon_pratensis,17.4,58.8333333333,1.0853141916
Tragopogon_pratensis,17.4,58.8333333333,1.0268903579
Trillium_apetalon,143.5333333333,43.4166666667,4.0895202359
Trillium_camschatcense,143.5333333333,43.4166666667,1.7315875053
Trillium_grandiflorum,-80.4333333333,41.5166666667,1.3350330095
Trillium_grandiflorum,-80.0333333333,41.7166666667,1.3745848181
Trillium_grandiflorum,-80.2333333333,41.6666666667,1.3734591426
Trillium_grandiflorum,-80.0833333333,41.7833333333,1.3709061937
Trillium_grandiflorum,-80.2,41.8,1.2406977038
Trillium_grandiflorum,-80,41.4,1.3155682073
Trillium_grandiflorum,-80.05,41.7333333333,1.2025467125
Trillium_grandiflorum,-80.4,41.4833333333,1.3460870227
Trillium_grandiflorum,-79.9666666667,41.3333333333,1.3068606551
Trillium_grandiflorum,-80.35,41.6,1.4781147811
Trillium_grandiflorum,-80.0666666667,41.6833333333,1.3179997558
Trillium_grandiflorum,-79.95,41.75,1.463914272
Trollius_laxus,-75.7833333333,42.9,1.7509285626
Trollius_laxus,-75.7833333333,42.9,2.4793667272
Viola_fimbriatula,-71.5083333333,42.5083333333,2.4653787145
Zea_diploperennis,-104.2666666667,19.6,1.7633870968
Astrocaryum_mexicanum,-95.1166666667,18.6,1.0052052052
Astrocaryum_mexicanum,-95.1166666667,18.6,1.028692026
Astrocaryum_mexicanum,-95.1166666667,18.6,1.0204925418
Astrocaryum_mexicanum,-95.1166666667,18.6,1.0057384476
Astrocaryum_mexicanum,-95.1166666667,18.6,1.0265712414
Astrocaryum_mexicanum,-95.1166666667,18.6,1.0206938649
Borassus_aethiopum,-5.0333333333,6.2166666667,1.0841975573
Borassus_aethiopum,-5.0333333333,6.2166666667,1.0738999243
Calamus_rhabdocladus,107.8666666667,16.2,1.0807389047
Calamus_rhabdocladus,107.8666666667,16.2,1.0956760226
Ceratozamia_norstogii,-94,16.7666666667,1.414189019
Chamaedorea_elegans,-96.5,17.95,1.254810204
Chamaedorea_elegans,-96.5,17.95,1.1766180106
Chamaedorea_elegans,-96.5,17.95,1.0180581
Chamaedorea_radicalis,-99.1666666667,23.0833333333,1.4460143962
Chamaedorea_radicalis,-99.1666666667,23.0833333333,1.6942806004
Chamaedorea_radicalis,-99.1666666667,23.0833333333,1.5869595987
Chamaedorea_radicalis,-99.1666666667,23.0833333333,1.6900535779
Chamaedorea_radicalis,-99.1666666667,23.0833333333,1.6309180733
Chamaedorea_radicalis,-99.1666666667,23.0833333333,1.771289577
Chamaedorea_radicalis,-99.1666666667,23.0833333333,1.7650025891
Chamaedorea_radicalis,-99.1666666667,23.0833333333,1.6849247644
Chamaedorea_radicalis,-99.1666666667,23.0833333333,1.4460143962
Chamaedorea_radicalis,-99.1666666667,23.0833333333,1.6942806004
Chamaedorea_radicalis,-99.1666666667,23.0833333333,1.5869595987
Chamaedorea_radicalis_2,-99.1666666667,23.0833333333,1.6900535779
Chamaedorea_radicalis_2,-99.1666666667,23.0833333333,1.6309180733
Dioon_merolae,-93.5666666667,16.6166666667,1.771289577
Dioon_merolae,-93.55,16.6333333333,1.7650025891
Encephalartos_cycadifolius,26.45,-32.6166666667,1.6849247644
Euterpe_edulis,-47.1091666667,-22.8291666667,1.1186428622
Euterpe_oleracea,-76.8777777778,6.5327777778,1.3843628682
Euterpe_oleracea,-76.8694444444,6.5811111111,1.5871628014
Euterpe_oleracea,-76.8444444444,6.5327777778,1.3843628682
Euterpe_precatoria,-65.7166666667,-10.9833333333,1.5871628014
Geonoma_brevispatha,-47.1,-22.7333333333,1.3652785801
Geonoma_deversa,-67.3333333333,-11.75,1.0461302792
Neodypsis_decaryi,46.15,-25.0166666667,1.0900350454
Neodypsis_decaryi,46.15,-25.0166666667,1.137562924
Neodypsis_decaryi,46.15,-25.0166666667,1.1824263096
Pseudophoenix_sargentii,-87.35,20.3166666667,1.1932490685
Pseudophoenix_sargentii,-87.35,20.3166666667,1.2045154447
Pseudophoenix_sargentii,-87.6666666667,21.5,1.213085468
Pseudophoenix_sargentii,-87.9833333333,21.6,1.2430892022
Pseudophoenix_sargentii,-87.8833333333,19.1833333333,1.059201706
Pseudophoenix_sargentii,-88.4666666667,18.4333333333,1.1037327011
Pseudophoenix_sargentii_2,-80.3370944444,25.4642777778,1.1278346154
Pseudophoenix_sargentii_2,-80.3370944444,25.4642777778,1.2280751844
Rhopalostylis_sapida,174.5333333333,-36.7666666667,1.0347336402
Rhopalostylis_sapida_2,174.5333333333,-36.7666666667,1.0453314458
Sabal_yapa,-88.1166666667,19.8166666667,1.0437456168
Sabal_yapa,-88.1166666667,19.8166666667,1.0291319365
Sabal_yapa,-88.1166666667,19.8166666667,1.0210254008
Adesmia_volckmannii,-70.2666666667,-45.6833333333,3.1134556901
Adesmia_volckmannii,-70.2666666667,-45.6833333333,2.5651396648
Ambrosia_deltoidea,-111,32.2166666667,1.7920454545
Ambrosia_dumosa,-116.0333333333,34.1166666667,1.3678026919
Ambrosia_dumosa,-116.0333333333,34.1166666667,1.6601050162
Ambrosia_dumosa,-116.0333333333,34.1166666667,4.8462639821
Ambrosia_dumosa,-116.0333333333,34.1166666667,2.8907793633
Argyroxiphium_sandwicense,-156.2166666667,20.7333333333,1.2169768217
Atriplex_acanthocarpa,-104.6333333333,29.2,3.2178953911
Atriplex_canescens,-103.5083333333,26.5083333333,2.3076343955
Atriplex_vesicaria,137.1416666667,-32.7416666667,1.6077554541
Atriplex_vesicaria,137.1416666667,-32.7416666667,4.0981909897
Atriplex_vesicaria,137.1416666667,-32.7416666667,2.0657059004
Atriplex_vesicaria,137.1416666667,-32.7416666667,2.3496007098
Atriplex_vesicaria,137.1416666667,-32.7416666667,2.4736842105
Atriplex_vesicaria,137.1416666667,-32.7416666667,3.7523698653
Atriplex_vesicaria,137.1416666667,-32.7416666667,2.7415151917
Atriplex_vesicaria,137.1416666667,-32.7416666667,2.8758898629
Atriplex_vesicaria,137.1416666667,-32.7416666667,2.0461344173
Atriplex_vesicaria,137.1416666667,-32.7416666667,1.6077554541
Atriplex_vesicaria,137.1416666667,-32.7416666667,4.0981909897
Atriplex_vesicaria,137.1416666667,-32.7416666667,2.0657059004
Atriplex_vesicaria,137.1416666667,-32.7416666667,6.4087967243
Atriplex_vesicaria,137.1416666667,-32.7416666667,2.8510560926
Atriplex_vesicaria,137.1416666667,-32.7416666667,2.1448300795
Atriplex_vesicaria,137.1416666667,-32.7416666667,1.6077554541
Atriplex_vesicaria,137.1416666667,-32.7416666667,4.0981909897
Atriplex_vesicaria,137.1416666667,-32.7416666667,2.0657059004
Atriplex_vesicaria,137.1416666667,-32.7416666667,4.0544527786
Atriplex_vesicaria,137.1416666667,-32.7416666667,2.6969266963
Atriplex_vesicaria,137.1416666667,-32.7416666667,2.8329119595
Banksia_ericifolia,151.3014166667,-33.45715,1.687129583
Calluna_vulgaris,-2.9166666667,57.0666666667,3.0721203168
Cassia_nemophila,139.3833333333,-32.0666666667,1.276135895
Eremophila_maitlandii,113.7,-24.65,1.1264305177
Gardenia_actinocarpa,145.3666666667,-16.1,1.3672192718
Helianthemum_juliae,-16.5833333333,28.25,2.6863590318
Lindera_umbellata,140.8005555556,38.9238888889,1.1071857509
Magnolia_salicifolia,140.8005555556,38.9238888889,1.0741214739
Miconia_albicans,-47.8833333333,-15.9333333333,1.1252610594
Mulinum_spinosum,-70.2666666667,-45.6833333333,1.8540898719
Mulinum_spinosum,-70.2666666667,-45.6833333333,2.4161658891
Petrophile_pulchella,151.25,-33.45,1.7496859497
Purshia_subintegra,-111.9833333333,34.7333333333,2.000265409
Purshia_subintegra,-111.9833333333,34.7333333333,2.1906970461
Rhus_copallinum,-90.4833333333,30.6833333333,1.3646379347
Rhus_copallinum,-90.4833333333,30.6833333333,1.2932308729
Rhus_copallinum,-90.4833333333,30.6833333333,1.5336233624
Rhus_copallinum,-90.4833333333,30.6833333333,1.3943722944
Senecio_filaginoides,-70.2666666667,-45.6833333333,1.9379557292
Senecio_filaginoides,-70.2666666667,-45.6833333333,2.695010762
Viburnum_furcatum,140.8005555556,38.9238888889,1.032514466
Echeveria_longissima,-97.4297222222,17.8963888889,1.5210562403
Echeveria_longissima,-97.4297222222,17.8963888889,1.3300415217
Echinocactus_platyacanthus,-97.4108333333,18.4336111111,1.0477636635
Espeletia_spicata,-70.9166666667,8.8666666667,1.5607544432
Espeletia_timotensis,-70.9166666667,8.8666666667,1.3265327944
Mammillaria_crucigera,-98.6116666667,18.5533333333,1.1951409458
Mammillaria_gaumeri,-89.6333333333,21.0166666667,1.5752881438
Mammillaria_gaumeri,-89.5,21.3166666667,1.1274760424
Mammillaria_gaumeri,-89.4,21.3,1.3116553141
Mammillaria_gaumeri,-89.4,21.3,1.031640153
Mammillaria_gaumeri,-88.85,20.2166666667,1.0030703928
Mammillaria_gaumeri,-88,21.6,1.0470767655
Mammillaria_huitzilopochtli,-96.9655555556,17.9052777778,1.1088318457
Mammillaria_huitzilopochtli,-96.9638888889,17.8113888889,1.2442960579
Neobuxbaumia_macrocephala,-97.4666666667,18.3333333333,1.0635603223
Neobuxbaumia_mezcalaensis,-97.4666666667,18.3333333333,1.0545155198
Neobuxbaumia_tetetzo,-97.4666666667,18.3333333333,1.0519777472
Opuntia_macrocentra,-106.7083333333,32.5916666667,1.1483804161
Pterocereus_gaumeri,-89.1666666667,21.3,1.2031871079
Pterocereus_gaumeri,-89.3166666667,21.3,1.0820133001
Abies_concolor,-118.8,36.6,1.0953450343
Abies_concolor,-118.8,36.6,1.0964322676
Abies_concolor,-118.7,36.6,1.1098914421
Abies_concolor,-118.7,36.6,1.1125
Abies_magnifica,-118.7,36.6,1.1378366604
Abies_magnifica,-118.7,36.6,1.1313470861
Abies_magnifica,-118.7,36.6,1.0668476755
Acer_amoenum,140.5833333333,36.9333333333,1.0198999455
Acer_amoenum,140.5833333333,36.9333333333,1.0318991917
Acer_mono,140.5833333333,36.9333333333,1.1738535924
Acer_mono,140.5833333333,36.9333333333,1.058180522
Acer_rufinerve,140.5833333333,36.9333333333,1.0396104562
Acer_saccharum,-88.1666666667,40.15,2.6431947608
Acer_saccharum,-88.1666666667,40.15,2.273533128
Aquilaria_crassna,101.8333333333,14.0833333333,1.0518756319
Araucaria_hunsteinii,146.6318055556,-7.2046666667,1.0683921107
Araucaria_laubenfelsii,166,-21.75,1.1866296097
Araucaria_laubenfelsii,166,-21.75,1.0277127085
Araucaria_laubenfelsii,166,-21.75,1.1193052392
Araucaria_laubenfelsii,166,-21.75,1.0301581766
Araucaria_laubenfelsii,166,-21.75,1.1866296097
Araucaria_laubenfelsii,166,-21.75,1.0277127085
Araucaria_laubenfelsii,166,-21.75,1.1193052392
Avicennia_germinans,-71.7372222222,10.9783333333,1.0301581766
Bertholletia_excelsa,-65.7166666667,-10.9833333333,1.0190544616
Bertholletia_excelsa,-67.25,-11.5,1.0107067034
Bertholletia_excelsa,-65.7166666667,-10.9833333333,1.0190544616
Bertholletia_excelsa,-67.25,-11.5,1.0107067034
Calocedrus_decurrens,-118.8,36.6,1.117666165
Chlorocardium_rodiei,-58.8,5.2166666667,1.0110339936
Dacrydium_elatum,107.8666666667,16.2,1.0254399329
Dicymbe_altsonii,-58.8083333333,5.225,1.0191851991
Dicymbe_altsonii,-58.8083333333,5.225,1.0764941297
Duguetia_neglecta,-58.8,5.2166666667,1.0225946781
Duguetia_neglecta,-58.8,5.2166666667,1.0195402181
Entandrophragma_cylindricum,17.9333333333,3.9,1.059509196
Fagus_grandifolia,-84.3333333333,30.5833333333,1.0781243151
Fagus_grandifolia,-84.3333333333,30.5833333333,1.1619623268
Khaya_senegalensis,2.5333333333,9.1,1.1274619517
Khaya_senegalensis,2.6833333333,9.75,1.2341778157
Khaya_senegalensis,1.5,9.25,1.0322573335
Khaya_senegalensis,1.8666666667,10.25,1.0630826964
Khaya_senegalensis,2.1666666667,10.2833333333,1.0730589687
Khaya_senegalensis,2.0166666667,10.2,1.0034154007
Khaya_senegalensis,2.7666666667,9.8666666667,1.0034154007
Magnolia_dealbata,-97.0666666667,19.3333333333,1.3002000216
Magnolia_dealbata,-97.0666666667,19.3333333333,1.3559580917
Manilkara_zapota,-96.5436111111,19.8269444444,1.0625432035
Pentaclethra_macroloba,-83.9833333333,10.4333333333,1.0279220113
Phyllanthus_emblica_2,77.5,12,1.1310884433
Phyllanthus_emblica_2,77.5,12,1.1165961448
Phyllanthus_emblica_2,77.5,12,1.1301749102
Phyllanthus_emblica_2,77.5,12,1.1875
Phyllanthus_emblica_2,77.5,12,1.1663782292
Phyllanthus_emblica_2,77.5,12,1.1506870911
Phyllanthus_emblica_2,77.5,12,1.1717525955
Phyllanthus_emblica_2,77.5,12,1.1950187584
Phyllanthus_indofischeri,77.5,12,1.1369878123
Phyllanthus_indofischeri,77.5,12,1.0424570612
Phyllanthus_indofischeri,77.5,12,1.1110598975
Phyllanthus_indofischeri,77.5,12,1.0785082341
Pinus_lambertiana,-118.8,36.7,1.098387297
Pinus_nigra,170.05,-44.2666666667,1.2055603759
Pinus_nigra,170.05,-44.2666666667,1.2501738929
Pinus_palustris,-84.2089111111,30.6563111111,1.0186471141
Pinus_sylvestris,-4.6905888889,56.7601972222,1.2392275084
Platymiscium_filipes,-51.285004,0.021973,1.0386995955
Prioria_copaifera,-79.8464805556,9.1521027778,1.1928499799
Prosopis_glandulosa,-103.75,26.675,1.4465511095
Prosopis_laevigata,-97.5333333333,18.25,1.1972359422
Prunus_africana,10.4991833333,6.2153833333,1.0454046826
Prunus_africana,10.533,6.19655,1.2151688928
Prunus_africana,10.5388166667,6.2206166667,1.0814189
Prunus_africana,10.5349333333,6.206,1.0486934288
Prunus_serotina,2.9,49.3666666667,1.1396765901
Prunus_serotina,2.9,49.3666666667,1.1
Quercus_crispula,142.25,44.3333333333,1.1597913451
Quercus_rugosa,-99.1833333333,19.25,1.0576228591
Rhizophora_mangle,-71.7372222222,10.9783333333,1.1672746805
Rhododendron_ponticum,-3.42805,51.7993305556,1.7406782958
Rhododendron_ponticum,-0.2044694444,51.5039583333,2.6031578392
Rhododendron_ponticum,-1.6058666667,50.8536694444,2.0343491281
Rhododendron_ponticum,-0.4519833333,51.3159777778,1.9177550189
Rhododendron_ponticum,-0.2868972222,51.2803777778,2.1756990533
Sapium_sebiferum,-79.25,33.3333333333,1.0808848396
Sapium_sebiferum,-79.25,33.3333333333,1.2092304544
Sapium_sebiferum,-79.25,33.3333333333,1.2088313741
Sapium_sebiferum,-79.25,33.3333333333,1.0852492065
Scaphium_borneense,114,3.2,1.0239540309
Scaphium_borneense,114,3.2,1.0283368805
Scaphium_borneense,114,3.2,1.0261139518
Stryphnodendron_excelsum,-83.9833333333,10.4333333333,1.0421891795
Swietenia_macrophylla,-62.9166666667,-15.7833333333,1.0455712915
Swietenia_macrophylla,-62.9166666667,-15.7833333333,1.0518754248
Swietenia_macrophylla,-62.9166666667,-15.7833333333,1.0677675271
Tachigali_vasquezii,-65.7166666667,-10.9833333333,1.0819549181
Tsuga_canadensis,-78.3666666667,38.5666666667,1.0249393905
